text,label
恭喜您中奖100万请点击链接领取,spam
免费贷款无抵押当天放款,spam
您的账户异常请立即验证,spam
兼职刷单日赚500加微信,spam
澳门赌场开户送888,spam
低价出售发票可开各类,spam
代开发票联系电话,spam
您的快递丢失请补填信息,spam
领导急需用钱请转账,spam
积分即将过期点击兑换,spam
裸聊加QQ号码,spam
办理各类证件无需考试,spam
股票内幕消息稳赚,spam
网贷额度已批请确认,spam
您的医保卡停用请更新,spam
法院传票请查看,spam
恭喜成为幸运用户,spam
零首付购车名额有限,spam
刷单返利先垫付,spam
加群领红包,spam
您的社保账户冻结,spam
高薪招聘日结,spam
代孕服务咨询,spam
赌博平台注册送彩金,spam
您的信用卡逾期,spam
免费领取iPhone,spam
点击链接领现金,spam
您的包裹被扣请缴费,spam
贷款利息低至1厘,spam
加微信看片,spam
您的会员即将到期续费,spam
投资理财年化30%,spam
您的账号涉嫌违规,spam
低价代练游戏,spam
办证刻章电话,spam
您的ETC异常,spam
网络赌博平台,spam
您的孩子被选为幸运星,spam
免费领流量,spam
您的账户存在风险,spam
代写论文包过,spam
您的积分可兑换现金,spam
加群领福利,spam
您的医保报销失败,spam
免费领口罩,spam
您的贷款已批,spam
点击领取国家补贴,spam
您的快递无法派送,spam
免费领鸡蛋,spam
您的账户被冻结解冻,spam
加微信领红包,spam
您的会员特权,spam
免费领手机,spam
您的订单异常,spam
加QQ领福利,spam
您的账户升级,spam
免费领话费,spam
您的包裹滞留,spam
加微信兼职,spam
您的积分清零,spam
免费领礼品,spam
您的账户注销,spam
加群领现金,spam
您的会员到期,spam
免费领流量包,spam
您的账户异常登录,spam
加微信刷单,spam
您的贷款额度,spam
免费领红包,spam
您的快递丢失,spam
加QQ兼职,spam
您的账户风险,spam
免费领手机壳,spam
您的订单取消,spam
加微信返利,spam
您的账户冻结,spam
免费领优惠券,spam
您的包裹退回,spam
加群刷单,spam
您的会员续费,spam
免费领数据线,spam
您的账户验证,spam
加微信日赚,spam
您的贷款审批,spam
免费领耳机,spam
您的快递滞留,spam
加QQ返利,spam
您的账户升级通知,spam
免费领充电宝,spam
您的订单待支付,spam
加微信领现金,spam
您的积分兑换,spam
免费领U盘,spam
您的账户安全,spam
加群日赚,spam
您的贷款到账,spam
免费领键盘,spam
您的快递派送,spam
加微信福利,spam
您的会员激活,spam
免费领鼠标,spam
您的账户提醒,spam
加QQ福利,spam
您的贷款还款,spam
免费领支架,spam
您的包裹签收,spam
加微信红包,spam
您的账户通知,spam
免费领贴膜,spam
您的订单发货,spam
加群福利,spam
您的会员权益,spam
免费领壳,spam
您的账户变动,spam
加微信赚钱,spam
您的贷款申请,spam
免费领线,spam
您的快递到达,spam
加QQ赚钱,spam
您的账户余额,spam
免费领包,spam
